cep;rg;cpf;estado_civil;login;salario_base;sensitive_key;estado;regiao
20125535;455550390;57507179051;C;gabriel.mesquita;21910;455OPV9051;Mato Grosso;Centro - Oeste
25995770;732355385;50388536767;C;joão.haddad;5404;732LOI6767;Rio Grande do Norte;Nordeste
37278465;943205737;59035293914;C;amanda.ribeiro;16066;943ADI3914;Sergipe;Nordeste
49897703;968298499;51397043200;C;guilherme.nunez;21305;968ADII3200;Mato Grosso;Centro - Oeste
30149335;332164465;01296878897;C;adelino.gomes;5098;332ADII8897;Mato Grosso;Centro - Oeste
22796750;308540039;82450866508;C;audir.goulart;23688;308OPII6508;Rio de Janeiro;Sudeste
44060184;970144682;10987705941;C;zilma.guimarães;17875;970FIV5941;Pernambuco;Nordeste
43115256;605178030;76842679305;C;gil.bonder;3540;605OPII9305;Goiás;Centro - Oeste
34949262;861631953;74310689799;S;gustavo.teixeira;23512;861FIII9799;Pará;Norte
34786165;156468673;92175010221;S;andre.campos;24857;156ADIII0221;Pernambuco;Nordeste
47757686;182915795;88574140300;S;andré.soledade;9955;182ADII0300;Rio Grande do Norte;Nordeste
49949843;413092549;74387929625;S;natalia.loureiro;3179;413ADII9625;Mato Grosso;Centro - Oeste
29865779;658540057;55830536968;C;luca.costa;22980;658LOIV6968;Pará;Norte
35975718;843569528;54730799637;C;jessica.lima;2182;843FII9637;Sergipe;Nordeste
32029708;791412983;99880514390;C;caio.scalabrin;22680;791ADIII4390;Pernambuco;Nordeste
25892815;472900409;58073890246;S;vinicius.freitas;2411;472FIII0246;Acre;Norte
35752243;711435762;61294979931;S;pedro.carrera;15718;711LOIII9931;Acre;Norte
49335895;684665210;90419094811;S;isabella.bernardo;8460;684COIII4811;Amapá;Norte
35144102;456872620;80042375281;S;felipe.melo;4860;456OPII5281;Santa Catarina;Sul
37298996;306216162;09952323392;S;pedro.fontes;12499;306OPII3392;Rio Grande do Sul;Sul
29675378;107803754;76884371772;C;maria.lobo;19045;107FIV1772;Pará;Norte
45877495;676648702;53442435980;S;bruno.vargas;10726;676COIV5980;Amapá;Norte
20448128;698776875;44454372496;S;bárbara.vieira;9402;698ADI2496;Amapá;Norte
47499393;190380293;80646889575;S;andre.ramos;13024;190OPV9575;Bahia;Nordeste
25310016;669446675;32150458469;S;livia.mello;23612;669ADV8469;Bahia;Nordeste
31389047;762921558;10613644993;C;jéssica.heimlich;16364;762COIII4993;Rio Grande do Sul;Sul
31780433;633317875;39560733219;C;carolina.monteiro;1865;633FIIII3219;Sergipe;Nordeste
38114990;511591702;94183063959;S;luís.werneck;7601;511COIV3959;Sergipe;Nordeste
28589632;443973441;08330691531;C;cícero.tagliari;11283;443OPII1531;Rio Grande do Sul;Sul
20809521;678558573;41787164393;S;gabriela.coutinho;12104;678LOIII4393;Minas Gerais;Sudeste
47649712;639216635;37634974772;S;thayná.medronho;9562;639LOII4772;Pernambuco;Nordeste
49055261;444964987;84826119176;C;marina.pacheco;24271;444ADIII9176;Alagoas;Nordeste
46700628;638732801;82400382776;C;luana.lopes;20218;638ADIII2776;Minas Gerais;Sudeste
32410076;338306501;46184061397;C;vitor.maglhães;13652;338OPIV1397;Santa Catarina;Sul
36029684;886501538;87024456799;C;carolina.mattos;10078;886ADII6799;Amazonas;Norte
47497691;534850026;32131215034;S;victor.mota;19456;534COII5034;Sergipe;Nordeste
44716292;616461796;55367561228;C;marcos.faria;3398;616FIII1228;Roraima;Norte
24394828;140108816;37388100360;S;marcelo.coelho;17475;140OPI0360;Rio de Janeiro;Sudeste
38928294;498013065;38444377165;S;tomas.guadagnino;14468;498COI7165;Amazonas;Norte
44017250;379781785;26777450157;C;giovana.mello;7129;379OPIII0157;Minas Gerais;Sudeste
20731360;580043821;53345652611;C;leticia.mota;16386;580COII2611;Pará;Norte
38162448;743920592;13672177381;S;beatriz.rodrigues;16167;743ADII7381;Sergipe;Nordeste
20491947;233651794;69598912741;C;guilherme.kelly;3319;233LOIV2741;Santa Catarina;Sul
39852094;531613877;05343014627;C;matheus.santos;17930;531OPI4627;Rio de Janeiro;Sudeste
29254981;971638278;97612583834;C;mariana.martins;3374;971COII3834;São Paulo;Sudeste
28601966;403255556;90743788681;C;rafael.rozental;20030;403ADV8681;Roraima;Norte
38756804;337580360;96251016348;S;rodrigo.lemos;7480;337OPIII6348;Goiás;Centro - Oeste
20268909;993311564;82554147473;S;marianna.silva;3947;993FII7473;Pernambuco;Nordeste
30671573;229987650;96835281373;C;roberto.suzano;24509;229FIV1373;Bahia;Nordeste
33558620;885637441;27461461679;S;leonardo.gomes;12394;885FIV1679;Rio de Janeiro;Sudeste
23294683;173470428;60565008263;S;matheus.sepúlveda;12832;173ADI8263;Minas Gerais;Sudeste
43564524;752348160;85198417825;S;jéssica.silva;20951;752LOIII7825;Amapá;Norte
41565611;613476929;36847018907;C;gabriel.rozental;1872;613OPII8907;Amapá;Norte
30055064;289498961;52374080491;C;patrick.farias;23391;289ADI0491;Santa Catarina;Sul
24646714;471934947;01072732223;S;marcello.freitas;3861;471OPIII2223;Sergipe;Nordeste
47502117;441836342;70906507885;S;isabelle.tiradentes;19297;441COI7885;Pará;Norte
30987596;587945722;54642088823;C;raissa.carelli;24482;587OPI8823;Acre;Norte
38135763;672290514;27148931071;C;lorena.marinho;7049;672LOII1071;Roraima;Norte
37063517;348351354;92249378299;S;valentina.soares;8743;348OPV8299;Acre;Norte
47265296;473992858;43020461189;S;fillipe.tupini;19379;473LOII1189;Santa Catarina;Sul
21433833;733055617;70947774668;C;michelle.zerbinato;13008;733LOI4668;Acre;Norte
47416246;821413862;83362534903;C;luiz.migueis;19843;821COIII4903;Pernambuco;Nordeste
25516035;226520034;58990891166;S;joão.monteiro;11983;226ADII1166;Bahia;Nordeste
21987179;432815331;17507519379;C;douglas.costa;16484;432OPI9379;Goiás;Centro - Oeste
46803076;599595958;61335203433;C;joão.ramos;11596;599COIII3433;Amazonas;Norte
21139804;531722083;35900521383;S;poline.limp;19441;531LOI1383;Roraima;Norte
20982322;777593239;49303014478;C;carla.areias;12054;777FIIII4478;São Paulo;Sudeste
45583763;373077087;40570494309;S;fernanda.rossini;17943;373FIII4309;Mato Grosso;Centro - Oeste
44841943;630811437;22907920992;S;leandro.neri;4811;630ADIII0992;Amapá;Norte
38160945;594348050;57007091977;S;luiz.chaves;3391;594OPI1977;Santa Catarina;Sul
49489965;592360975;83370176564;S;leonardo.castro;16054;592OPII6564;Rio Grande do Norte;Nordeste
22231674;244866609;53557650797;S;lucas.duarte;11867;244LOII0797;Rio Grande do Sul;Sul
44392163;714553555;58026423420;S;josé.pereira;2439;714COII3420;Pará;Norte
33706705;653328735;25283907888;S;átila.melo;8831;653FII7888;Sergipe;Nordeste
25188908;474121843;59706665923;C;nicole.torres;9787;474OPII5923;Mato Grosso;Centro - Oeste
24933118;427388096;39608438530;C;lucas.jesus;19621;427ADII8530;Alagoas;Nordeste
40178855;646616155;96176994998;S;bruno.souza;20048;646ADII4998;Roraima;Norte
24631016;975329320;64835286968;S;gabriel.cerqueira;19086;975COII6968;Santa Catarina;Sul
38047673;252474906;43561231474;S;larissa.beltrao;17207;252OPV1474;Santa Catarina;Sul
39486682;856357431;08109619679;S;frederico.vidal;7833;856COII9679;Roraima;Norte
27566227;778875609;48887229405;C;giuseppe.fernandes;12377;778LOIII9405;Goiás;Centro - Oeste
43050334;325916532;84926158288;C;rafael.santos;6677;325FIIII8288;Minas Gerais;Sudeste
46032692;609252585;86353701624;S;larissa.lima;6708;609ADI1624;Rio Grande do Norte;Nordeste
42283072;237793259;51774666970;S;fernanda.ceppas;9326;237LOII6970;Alagoas;Nordeste
25378805;588172925;16582949916;C;rodrigo.vianna;20377;588OPI9916;Amapá;Norte
39894941;973208232;95043372192;C;felipe.teixeira;9062;973ADI2192;Goiás;Centro - Oeste
29604908;964370969;10054001100;S;luiz.souza;11613;964ADIII1100;Rio de Janeiro;Sudeste
45181737;876700065;39394659681;S;aline.souza;4182;876ADIV9681;Sergipe;Nordeste
27207970;233923051;20250511364;C;roberto.leite;18442;233COIII1364;Rio de Janeiro;Sudeste
20922600;887626776;36754977877;S;bruna.vasconcelos;12101;887ADI7877;Rio Grande do Sul;Sul
48130849;933126418;53299149773;S;luana.stockler;2247;933COIII9773;Pará;Norte
40694508;633403160;77304603107;S;alberto.carvalho;15433;633OPI3107;São Paulo;Sudeste
26900299;593399215;99686161948;S;rafael.hollander;4933;593FIII1948;Alagoas;Nordeste
27386367;526758863;69895817206;C;marina.sousa;23792;526OPIII7206;Alagoas;Nordeste
49319901;343497029;85220225281;C;amanda.ferreira;12946;343OPIII5281;Alagoas;Nordeste
43476160;927070739;24497830089;C;daniel.thuler;2952;927OPII0089;Roraima;Norte
22471851;602013614;61274119929;C;joão.fagundes;22386;602OPI9929;Alagoas;Nordeste
43530569;117694466;37828340622;C;brenda.lopes;5026;117COIV0622;Alagoas;Nordeste
31298290;509679525;85240340884;C;rafael.santos;18763;509ADIII0884;Amapá;Norte
25475749;865518735;43165902894;S;juliana.filho;1961;865OPIII2894;Amazonas;Norte
27741357;694331072;09003887147;C;victoria.viríssimo;21647;694LOII7147;Amazonas;Norte
35984704;286981266;67211879291;C;adriano.souza;2378;286COI9291;Rio Grande do Norte;Nordeste
37900471;686523389;99456233287;C;rodrigo.barreto;5799;686COIV3287;São Paulo;Sudeste
41629679;150580874;91737639304;S;vinícius.maluf;21660;150COI9304;São Paulo;Sudeste
28302092;415507616;30994676682;S;roberta.vaz;21315;415COI6682;Alagoas;Nordeste
29389562;340805214;87543439209;C;josé.cardeman;4626;340FIIII9209;Amapá;Norte
31761244;394640733;75486328474;S;matheus.borges;14200;394LOII8474;Roraima;Norte
28872553;958591003;66328708348;C;guilherme.silva;23323;958ADV8348;Goiás;Centro - Oeste
20894454;177480700;12078625607;C;bruna.calmon;15076;177LOIV5607;Amazonas;Norte
27881248;137913886;08904407827;S;higor.frossard;5556;137OPI7827;Mato Grosso;Centro - Oeste
32762432;846553752;39058390996;S;daniela.silva;9367;846OPI0996;Rio Grande do Norte;Nordeste
23232489;177736483;40031578683;S;matheus.sone;17393;177OPIII8683;Pará;Norte
31908304;734906034;52543439006;C;aline.silva;22887;734COII9006;Bahia;Nordeste
41397449;930055566;00543719535;S;natalia.indelicato;20141;930OPII9535;Amapá;Norte
40419579;845318164;86837351362;S;pedro.santos;19228;845ADI1362;Bahia;Nordeste
39601742;235304894;66343320056;C;bruno.felippe;21154;235LOII0056;Rio Grande do Sul;Sul
33769427;288726531;78645709056;C;flávio.netto;17709;288FII9056;Amapá;Norte
48437941;727842295;58437812891;C;lucas.martins;20424;727OPIII2891;Bahia;Nordeste
38710042;759142473;49002955469;C;hanna.vaz;13568;759ADIII5469;Santa Catarina;Sul
29121225;780115759;37162163017;S;isabela.freitas;11655;780OPIII3017;Rio Grande do Sul;Sul
34678179;951594073;86814428662;C;paulo.pereira;9870;951LOII8662;Mato Grosso;Centro - Oeste
30445170;455406136;11171827036;S;thaís.lisboa;2782;455FIII7036;Pernambuco;Nordeste
34279902;444360097;46296780759;S;thomaz.wegbrayt;17363;444LOII0759;Goiás;Centro - Oeste
31692906;588022193;56416277399;S;carolina.fontoura;12559;588COII7399;Rio Grande do Sul;Sul
26698929;469755388;15210371737;S;débora.ribeiro;10766;469FIIII1737;Pará;Norte
20241049;600923385;85431642660;C;karine.gusmão;4001;600ADI2660;Rio de Janeiro;Sudeste
26918878;184309718;09749161333;C;isabelle.foly;14586;184ADII1333;Bahia;Nordeste
21831765;595294024;29877187796;C;lucas.oliveira;24021;595FIIII7796;Alagoas;Nordeste
35669174;925836109;25118666378;S;pedro.assis;21566;925LOII6378;Acre;Norte
25874416;603708618;80804622668;S;mylena.mariano;5818;603COIII2668;Amapá;Norte
46608605;769344859;90356066476;C;renan.taylor;7428;769FIIV6476;Alagoas;Nordeste
26378462;243863864;55793523524;C;joão.barbosa;6887;243FIIV3524;Santa Catarina;Sul
33185233;949607826;93094571173;S;adrielle.rodrigues;11424;949LOIII1173;São Paulo;Sudeste
49497426;633481953;73492961189;S;caroline.mattos;24769;633OPIII1189;Alagoas;Nordeste
21613320;932776517;85312817519;C;caroline.figueiredo;13506;932ADIII7519;São Paulo;Sudeste
29222960;374534296;30956607102;C;julia.valim;10961;374FIII7102;Acre;Norte
36858409;673312392;63333609746;C;stefan.vargas;17437;673COII9746;Alagoas;Nordeste
46661375;390574367;26493553037;S;maria.almeida;13893;390COII3037;Amapá;Norte
45440008;408424820;54623421808;S;paloma.albano;15531;408ADIII1808;Rio de Janeiro;Sudeste
46493303;537173194;25731473836;C;fernanda.santo;7254;537COII3836;Alagoas;Nordeste
47676496;129089379;37366209445;S;rodrigo.mesquita;24203;129OPV9445;Acre;Norte
45441663;203749962;11591378511;S;gabriel.mello;24598;203LOI8511;Bahia;Nordeste
37913662;659993123;19376496246;C;renan.ott;10793;659LOII6246;Pará;Norte
40458933;646471086;03941490450;S;lucas.pereira;4048;646COI0450;Alagoas;Nordeste
49514536;716621565;08781618356;S;arnôr.penedo;8846;716COII8356;Acre;Norte
25797299;667495629;85663574128;S;carolina.silva;21354;667FIIII4128;Pernambuco;Nordeste
34647307;513196169;66664088990;S;andre.junior;6148;513ADI8990;Goiás;Centro - Oeste
48922500;394177057;44426553762;S;caio.stellet;24596;394ADII3762;Rio de Janeiro;Sudeste
21954100;204172912;40801914593;C;fernanda.rocha;5078;204COI4593;Bahia;Nordeste
46655812;182405163;98115682971;C;eduardo.brum;15939;182COII2971;Rio de Janeiro;Sudeste
31653600;251544740;32343554925;S;ângelo.gois;14591;251FII4925;Bahia;Nordeste
42215643;225189401;87001444811;C;carolina.barros;24814;225OPIII4811;Mato Grosso;Centro - Oeste
46440824;395791459;63970323429;C;izabel.costa;24756;395LOIV3429;Pará;Norte
39693700;330677676;60657640935;C;carlos.mota;9986;330COI0935;Bahia;Nordeste
42449215;259228025;26060218903;S;thayza.rocha;5447;259ADIII8903;Pará;Norte
48760082;408044704;21205192288;C;luiz.gonçalves;8431;408OPIII2288;Amazonas;Norte
32038710;390520641;60034462482;C;ramon.vaz;21974;390COIII2482;Pernambuco;Nordeste
32580130;111015969;52145589049;S;amanda.rodrigues;16859;111LOII9049;Pernambuco;Nordeste
36423854;317971034;73306344284;C;hannah.oliveira;11745;317ADI4284;Amazonas;Norte
49371991;631610398;49771991818;S;eduardo.ramos;23850;631ADI1818;Mato Grosso;Centro - Oeste
31055239;544186857;65130314579;C;victor.bezerra;8736;544LOI4579;Santa Catarina;Sul
37218757;441469607;63828548209;S;lunna.bogossian;11304;441OPV8209;Amapá;Norte
32457327;116766695;47232756579;S;yasmini.richa;13792;116LOIII6579;Mato Grosso;Centro - Oeste
31170692;959730891;75645986061;C;bruna.barcelos;16148;959FII6061;Sergipe;Nordeste
21744669;264546724;37330454703;C;eric.silva;15401;264ADV4703;Sergipe;Nordeste
36006094;257669584;46857850331;S;fabio.eiras;4212;257FII0331;Santa Catarina;Sul
44845345;562508073;33613115167;C;aledio.silva;3525;562FIIII5167;Amapá;Norte
33593365;266341456;12614089811;S;brenno.leite;8960;266COIII9811;Sergipe;Nordeste
45758272;348509149;63113882290;S;david.paula;12538;348COI2290;Alagoas;Nordeste
23059569;935370184;01704841288;S;lígia.filardi;13732;935FII1288;Amazonas;Norte
49653236;856395060;79621175549;S;guilherme.silveira;22040;856LOI5549;São Paulo;Sudeste
47975204;280833936;75639085014;S;luis.guimarães;23092;280COII5014;Acre;Norte
42683631;768460080;04962147267;C;thiago.araujo;18029;768COIII7267;Alagoas;Nordeste
44325748;127317401;16999675314;C;daniel.xavier;10608;127COII5314;Pernambuco;Nordeste
38509099;129739629;00954465382;C;giovana.marinho;12612;129OPIV5382;Bahia;Nordeste
37663368;901569302;72557271291;C;eduarda.mello;6737;901FIII1291;Sergipe;Nordeste
29861722;587762767;31865943387;S;pedro.alcoforado;7651;587OPIV3387;Minas Gerais;Sudeste
20525838;849377719;24034773974;S;wesley.baptista;11457;849FIIV3974;Amapá;Norte
36328920;441428628;86034290704;C;caio.meirelles;12827;441LOIII0704;Amazonas;Norte
20016798;413286801;60950145323;C;filipe.tabet;7865;413LOI5323;Amapá;Norte
22102216;317730626;48472322733;S;tiago.júnior;2277;317OPII2733;Rio de Janeiro;Sudeste
25367975;645860479;37366286499;C;joāo.ursulino;6703;645FIII6499;Goiás;Centro - Oeste
20599949;477303328;77945150423;C;jaqueline.menezes;23087;477OPII0423;Bahia;Nordeste
47969729;790442694;60885523304;S;paula.gomes;9906;790COII3304;Alagoas;Nordeste
41615356;267462900;90099351276;C;clarissa.ferreira;10394;267ADI1276;São Paulo;Sudeste
23929005;758845282;26630144333;S;raíza.barbosa;15573;758ADII4333;Alagoas;Nordeste
28490837;213851979;43986133891;C;guilherme.delgado;14536;213ADI3891;Roraima;Norte
40319896;299487558;20853690606;S;bruna.serva;1367;299FIIII0606;Rio de Janeiro;Sudeste
40999434;665722840;43694038517;S;rafael.carrera;21776;665OPI8517;Rio Grande do Sul;Sul
39159345;252066743;79052048907;C;leonardo.paula;10870;252LOI8907;Rio Grande do Norte;Nordeste
39717755;131440575;56747684111;S;rômulo.knudsen;14459;131LOII4111;Santa Catarina;Sul
45598482;338808621;62617279297;S;bernard.mello;10967;338COIV9297;Rio Grande do Norte;Nordeste
43419653;797241360;91935488890;C;eduardo.hirose;11882;797OPI8890;Rio de Janeiro;Sudeste
32019941;381704808;55324526587;C;ulisses.lima;17093;381ADV6587;Bahia;Nordeste
24023429;754379853;81986804945;S;adelino.werneck;5835;754ADIII4945;Pernambuco;Nordeste
21047459;633098659;35453530138;C;marina.meira;14652;633LOII0138;Santa Catarina;Sul
20887138;653306592;58146289103;C;marina.godoy;8229;653FIII9103;Bahia;Nordeste
33679561;911451272;22397479652;S;beatriz.ferreira;17804;911FIV9652;Alagoas;Nordeste
24242974;758327088;76756802371;S;pedro.kelly;12730;758ADI2371;Rio Grande do Sul;Sul
20277009;732582295;29345602726;S;leticia.orichio;24949;732COII2726;Santa Catarina;Sul
34188443;520865497;95494545903;S;julia.nascimento;6854;520ADII5903;Bahia;Nordeste
49991492;795257464;23397325993;C;leandro.coutinho;21870;795COI5993;São Paulo;Sudeste
33303875;691637853;35482617668;S;isabella.alves;20470;691COIV7668;Pernambuco;Nordeste
35754384;615666412;01225896676;S;tiago.pedrosa;24410;615FIIII6676;Mato Grosso;Centro - Oeste
24969851;382846456;77393726923;C;nathalia.oliveira;19035;382LOIII6923;Goiás;Centro - Oeste
39914696;622070086;17564833287;S;manuela.brum;3480;622OPIII3287;Mato Grosso;Centro - Oeste
32954078;622222189;18204188826;C;eduardo.luz;14228;622LOII8826;Minas Gerais;Sudeste
45580494;797128823;97563313784;S;matheus.marques;13049;797ADII3784;Santa Catarina;Sul
31597586;121855587;87075220857;S;ana.assis;7520;121COIII0857;Rio Grande do Sul;Sul
21366453;819179412;39014801249;C;gabriel.viana;17514;819COII1249;São Paulo;Sudeste
32196705;908478392;19510428633;S;thaís.restum;4253;908LOIII8633;Mato Grosso;Centro - Oeste
49499075;633515952;18960971427;C;douglas.pinto;19553;633OPI1427;Amazonas;Norte
30534816;431047977;22073793650;S;eric.amante;20217;431FIII3650;Minas Gerais;Sudeste
45003450;637262985;89104552095;C;marcus.azevedo;4702;637OPII2095;Amazonas;Norte
43572037;962953644;92232272948;C;lucas.bach;15301;962OPI2948;Santa Catarina;Sul
36336491;211252863;00580992867;C;paula.leite;11342;211COII2867;Alagoas;Nordeste
26119834;686353578;21677211125;S;amanda.pessanha;16368;686FII1125;Mato Grosso;Centro - Oeste
49426801;485694784;99578577631;S;átila.carvalho;3421;485COIII7631;Amazonas;Norte
43114997;753653710;81631420902;S;gabriel.filho;15128;753ADV0902;Amazonas;Norte
35696839;868379858;03391678881;C;gabriela.gômara;21959;868ADIII8881;Goiás;Centro - Oeste
29633853;455091342;69387136203;C;pedro.rodriguez;9729;455OPIII6203;Acre;Norte
41747444;271464316;04341832481;C;patricia.matos;1548;271LOIII2481;Amazonas;Norte
31717649;385244934;98476387596;C;elvis.macedo;12984;385LOII7596;Acre;Norte
44467875;472782524;22750607710;S;diego.limp;23845;472COIII7710;Rio de Janeiro;Sudeste
22254032;984733259;17869640397;S;tatiana.fagundes;20662;984FIV0397;Alagoas;Nordeste
34741200;398328205;78130347029;S;cynthia.alvim;2351;398ADIII7029;Minas Gerais;Sudeste
32195895;607326291;09229411485;C;rômulo.pedrazza;22462;607COI1485;Goiás;Centro - Oeste
44436582;610389191;77896177493;S;lucas.barbosa;5070;610FII7493;Pará;Norte
28964228;130000942;26027398376;C;carolina.mello;23248;130LOIII8376;Minas Gerais;Sudeste
33629449;725666141;94362680879;S;ramon.bittencourt;15589;725OPI0879;Acre;Norte
35408848;418063615;04552100166;C;nicole.santos;16869;418LOV0166;Rio Grande do Norte;Nordeste
27293893;921624055;28054605638;S;nathalia.bach;22286;921FIII5638;Bahia;Nordeste
24097080;252585246;81032809164;S;bruno.silva;11384;252OPII9164;Amazonas;Norte
31571800;646478878;52866028094;C;maryanna.ferraz;20411;646FIII8094;Goiás;Centro - Oeste
26310355;582906251;66914201307;S;luis.morgado;8810;582OPI1307;Roraima;Norte
30246676;316788080;24164901253;S;nicole.vaz;17871;316LOIV1253;Pernambuco;Nordeste
27492861;871167970;23864376350;C;ananda.soares;20723;871ADI6350;Amapá;Norte
47713889;538427479;34124760873;C;carolina.gusmão;6827;538COI0873;Mato Grosso;Centro - Oeste
48644823;178981169;63773722554;C;pedro.domingos;3314;178FII2554;Minas Gerais;Sudeste
21154117;435983446;54295209030;C;ana.santos;11321;435OPII9030;Bahia;Nordeste
45998524;788952836;06339514845;S;tadeu.ferraz;15572;788LOV4845;Rio de Janeiro;Sudeste
24948027;607552422;65307089428;S;paula.mota;19633;607COIII9428;Pernambuco;Nordeste
23394423;881550456;09423229923;C;juliana.rodrigues;5929;881FII9923;São Paulo;Sudeste
33804710;731743704;77138440376;C;felipe.miranda;1032;731LOII0376;Santa Catarina;Sul
31002977;465247813;87695128391;S;ana.cunha;3960;465COV8391;Acre;Norte
47379836;859264176;04267620637;C;joana.guimarães;4368;859OPI0637;Pará;Norte
46256189;744215664;70245813950;C;lorena.junior;4192;744ADII3950;Alagoas;Nordeste
45007080;684337006;72860863554;S;priscila.oliveira;10707;684FIII3554;Roraima;Norte
36938343;200311881;07753712219;S;julie.barros ;5419;200COIII2219;Roraima;Norte
25877524;762646893;99592686753;S;rodrigo.silva;23873;762OPIII6753;Roraima;Norte
45515980;122846690;26234736467;C;julia.gomes;2176;122ADII6467;Goiás;Centro - Oeste
42949440;125277533;01392585689;C;marcelo.moita;17534;125COV5689;Roraima;Norte
39951689;378766004;41544845862;C;pedro.afonso;12570;378ADII5862;Roraima;Norte
37716185;451822946;80152477467;C;igor.jimbo;2707;451FIII7467;Rio Grande do Norte;Nordeste
24441727;118888915;12307452053;S;catarina.virginio;16096;118OPII2053;Pará;Norte
27699219;153487556;25060647407;S;matheus.fróes;14507;153LOIII7407;Pernambuco;Nordeste
29581063;847818602;54899031101;S;manuela.tavares;13251;847COIII1101;Pernambuco;Nordeste
23019973;271215970;46602101730;C;bruna.ferreira;20089;271OPIII1730;Acre;Norte
38075416;284748208;80672836249;S;maria.ursulino;5353;284LOII6249;Mato Grosso;Centro - Oeste
24975046;163342036;89161415175;S;lucas.racy;5774;163LOI5175;Mato Grosso;Centro - Oeste
47721989;267494883;81911347285;C;eduarda.chagas;4534;267ADI7285;Pernambuco;Nordeste
31718609;490866364;09116171417;S;ruan.paz;22198;490OPV1417;Rio Grande do Norte;Nordeste
33770782;820043586;72370130546;C;luiza.guimarães;3657;820COIII0546;Pará;Norte
44324533;209730569;31008513124;C;isabella.moura;5505;209FIIV3124;Pará;Norte
33454155;755316976;68586619048;C;mariana.soares;7803;755FII9048;Pará;Norte
24119561;535999094;59961179530;C;julia.bach;1425;535OPIII9530;Amapá;Norte
39571725;783877189;03461580057;C;renan.fernandes;18150;783OPI0057;Bahia;Nordeste
36977064;564553030;91368502421;C;rômulo.silva;9841;564OPI2421;Mato Grosso;Centro - Oeste
21658387;756290052;99002873592;S;josé.guimarães;2275;756OPII3592;Goiás;Centro - Oeste
42224082;893934446;62393213963;C;carlos.matta;17487;893FIII3963;Acre;Norte
37531834;629699329;39829973621;C;arthur.cavalcanti;19971;629ADII3621;Minas Gerais;Sudeste
21752811;329153268;22620115256;S;yago.fróes;13638;329LOIII5256;Rio de Janeiro;Sudeste
35773038;479142780;19199984776;S;caio.farias;12930;479LOI4776;Roraima;Norte
44499392;227546734;69998363044;S;isabella.fernandes;3972;227COII3044;Mato Grosso;Centro - Oeste
24266793;659376558;92396336337;S;norman.souza;10642;659ADII6337;Santa Catarina;Sul
44027431;742567433;28671374661;S;bruno.montanholi;12763;742COIII4661;Rio de Janeiro;Sudeste
42747272;239399140;04089857305;C;nathália.oliveira;3208;239LOII7305;Mato Grosso;Centro - Oeste
25773490;880941696;34356868253;S;marta.costa;16801;880OPI8253;Rio Grande do Sul;Sul
29192121;592764563;98727687805;C;júlia.cabral;20199;592ADIII7805;Rio Grande do Sul;Sul
36375961;873602136;61115281636;S;luiz.ladogano;2918;873FIII1636;Santa Catarina;Sul
41608892;906722059;71566816037;C;rafael.cunha;19264;906OPV6037;Goiás;Centro - Oeste
47611751;861008612;85003539784;S;igor.rezende;23024;861LOII9784;Alagoas;Nordeste
42197115;518862052;32551184304;S;rafael.souza;9875;518LOIII4304;Rio Grande do Norte;Nordeste
37765556;341053775;60605722970;S;luiz.viana;1917;341LOI2970;Mato Grosso;Centro - Oeste
43057306;593562323;62650733069;S;henrique.brito;24399;593ADI3069;São Paulo;Sudeste
33440265;441345543;82344280083;S;andressa.israel;8689;441LOII0083;Amazonas;Norte
24966863;192219632;36307156622;S;andre.costa;7462;192FII6622;Sergipe;Nordeste
33862086;152639143;94053918847;C;beatriz.araujo;2318;152ADI8847;Sergipe;Nordeste
32415829;541359983;43314300537;C;beatriz.costa;21284;541COV0537;Roraima;Norte
31789201;309821813;40454023848;C;bruna.jimbo;18385;309ADIV3848;São Paulo;Sudeste
44730740;774975977;73829948092;S;amanda.lacerda;11599;774OPII8092;Alagoas;Nordeste
23553929;863695110;03287383935;S;flávio.fontes;2432;863LOII3935;Mato Grosso;Centro - Oeste
30092748;247225334;80378323293;C;joão.lima;15433;247OPIV3293;Mato Grosso;Centro - Oeste
36802373;495401275;16960979951;C;gabriela.campos;4294;495OPI9951;Sergipe;Nordeste
45729977;485908652;97038495996;C;raquel.souza;21263;485OPV5996;São Paulo;Sudeste
46366461;145789550;79464620395;C;elaine.aragao;2623;145LOI0395;São Paulo;Sudeste
24028886;272376769;12755712372;S;gabriel.pacheco;10159;272OPV2372;Sergipe;Nordeste
23514677;139663302;39958792552;S;isabella.meirelles;9495;139ADI2552;Rio Grande do Norte;Nordeste
33277794;559704433;18497444635;C;elaine.almeida;11136;559ADIII4635;Sergipe;Nordeste
34348203;142582318;47992137771;C;bruna.yang;4759;142ADV7771;Pará;Norte
42478137;140134837;59864021426;C;luis.azevedo;21130;140FIII1426;Santa Catarina;Sul
29519698;423379756;99318451505;S;renata.pinheiro;13020;423ADI1505;Sergipe;Nordeste
32912950;133060880;39987802758;C;matheus.machado;5584;133ADI2758;Sergipe;Nordeste
23073901;795011679;86900440820;C;júlia.silva;8589;795ADIII0820;Sergipe;Nordeste
31936750;387150232;20262926662;S;pedro.michetti;8954;387COV6662;Rio Grande do Sul;Sul
25500791;220754906;59988440473;S;milena.brum;9069;220ADII0473;Minas Gerais;Sudeste
37545336;476903460;87616175713;S;bernardo.essaber;3481;476OPII5713;Amapá;Norte
42786696;355533812;70394094650;S;camila.martinez;1543;355COI4650;Alagoas;Nordeste
47212016;401055144;45261312483;C;yuri.albino;17671;401FIIV2483;Minas Gerais;Sudeste
44699953;784732330;34362271112;C;debora.penedo;23704;784OPIII1112;Sergipe;Nordeste
46284198;748156424;84852806613;S;flávia.jordao;12672;748ADII6613;Bahia;Nordeste
39064996;159298032;29037097311;C;matheus.alvarez;10269;159COI7311;Roraima;Norte
29227658;577830399;59542847658;S;gabriel.pereira;8995;577OPIII7658;Bahia;Nordeste
31028747;993812910;58626044991;S;igor.pinho;5573;993FIII4991;Bahia;Nordeste
27864060;624470056;53722286321;S;jeferson.ramos;18822;624ADIII6321;Sergipe;Nordeste
33942826;730391568;62857272800;S;ary.costa;9697;730LOI2800;Alagoas;Nordeste
35674535;736262825;54936395416;S;giulia.mattos;7748;736COV5416;Pará;Norte
24040827;367651731;68011691064;C;paulo.souza;23242;367OPI1064;São Paulo;Sudeste
22390499;762705904;22797084021;S;mariana.barbosa;10178;762COIII4021;Santa Catarina;Sul
47627525;890991369;13470846420;S;aline.silva;4010;890OPI6420;Mato Grosso;Centro - Oeste
21544468;795644162;60413748030;S;bruna.varela;20854;795FIIII8030;Rio de Janeiro;Sudeste
35138602;404264948;60331096521;C;luiza.pereira;14488;404FII6521;Amazonas;Norte
46651310;475877138;12369990858;C;rafael.sousa;19557;475ADI0858;Pará;Norte
41940856;314850065;77275271963;S;camila.ivo;21737;314FII1963;Goiás;Centro - Oeste
37328172;290314522;91388902603;C;karine.chagas;10700;290OPIII2603;Amapá;Norte
21110416;854946018;50989574290;C;myllena.nacif;1166;854LOIII4290;Pernambuco;Nordeste
42642844;810415710;58776157417;C;flávio.barbosa;24199;810ADII7417;Rio Grande do Sul;Sul
26895323;828816861;12999382406;C;igor.feijo;4222;828FIII2406;Rio de Janeiro;Sudeste
47928533;778112260;15606240625;S;joão.silva;19408;778COI0625;Roraima;Norte
25217266;574951790;04745812998;C;gabriela.costa;15781;574LOV2998;Amazonas;Norte
28644117;281548183;35793187889;S;jayme.carvalho;2005;281ADI7889;Pará;Norte
36195521;552583141;96186343169;C;luíza.roussef;6362;552ADI3169;São Paulo;Sudeste
21941465;511128459;54089698899;S;juan.rosa;21374;511OPI8899;Rio de Janeiro;Sudeste
40167104;781980383;89250112980;S;ana.foly;17453;781ADI2980;Alagoas;Nordeste
37353966;350726442;60759508463;S;raquel.tavares;15615;350OPIII8463;Acre;Norte
27065880;817723147;93989972172;S;raphael.rodrigues;24529;817COIII2172;Rio Grande do Sul;Sul
31970922;422816469;48311601935;C;carolina.almeida;4864;422FIIII1935;Amapá;Norte
44171824;936325945;73212606115;S;eduardo.leme;22410;936OPII6115;Roraima;Norte
36571944;783537646;80379929319;S;rodrigo.funcke;1332;783LOIV9319;Rio de Janeiro;Sudeste
23244211;905415993;21284980627;S;rafaella.silva;4419;905COI0627;Alagoas;Nordeste
30675347;167225119;57342935862;S;marta.oliveira;24747;167OPII5862;São Paulo;Sudeste
41735090;369626839;30234766197;S;alfredo.araujo;16030;369ADIII6197;Goiás;Centro - Oeste
25263000;147598371;22636401585;S;audir.muniz;2121;147LOIV1585;Roraima;Norte
32734988;164912526;91829316452;S;matheus.monteiro;5517;164COI6452;Rio Grande do Sul;Sul
44774280;562363792;71977928588;S;marina.barbosa;3885;562FIII8588;Amapá;Norte
33297996;344055950;66670708686;C;thalles.teixeira;10929;344FII8686;Goiás;Centro - Oeste
49294767;299620674;19408814256;C;daniel.santos;23708;299ADI4256;Rio Grande do Norte;Nordeste
44319416;837235079;37557762383;S;suelen.regasso;11997;837OPII2383;Amazonas;Norte
37648796;965061898;55657248172;S;bruno.pereira;1673;965LOIV8172;Rio de Janeiro;Sudeste
41083214;672661371;71480506836;C;eduardo.cunha;15640;672LOIII6836;Pernambuco;Nordeste
46976183;470486601;05507276868;C;lorena.freire;9479;470COI6868;Goiás;Centro - Oeste
38071737;182819307;56437848500;S;joão.viana;7832;182ADIV8500;Amazonas;Norte
32763776;719703067;45580740306;C;pedro.helal;21919;719FIIII0306;São Paulo;Sudeste
40154642;650342478;52663979333;S;ana.ladogano;16136;650OPIV9333;Minas Gerais;Sudeste
32613748;771948938;47081234076;C;igor.perdomo;15917;771COIII4076;Bahia;Nordeste
20880239;244575842;60398433788;C;mariana.bach;3854;244FII3788;Amapá;Norte
27561481;715451906;34330260139;C;rachel.ferreira;14768;715COIV0139;Santa Catarina;Sul
24061215;943474202;76625425388;C;cynthia.mercês;19493;943ADIII5388;Rio de Janeiro;Sudeste
36777265;839007685;08806685331;C;pedro.bernhardt;5279;839OPIII5331;Rio de Janeiro;Sudeste
28751567;209099797;17816130451;C;lucas.cecilia;15036;209FII0451;Pará;Norte
49914331;953759176;74006861056;S;rhuan.hollander;20822;953OPV1056;Rio Grande do Sul;Sul
46929762;613806497;52251361634;C;juliana.stockler;1348;613COIII1634;Amapá;Norte
30967138;733350120;86003667436;C;anderson.sampaio;3668;733COII7436;Amazonas;Norte
48541368;647387441;25239330238;C;marta.fahrnholz;24021;647COIV0238;Pará;Norte
41237328;143799569;19340500862;S;maria.freire;2435;143LOV0862;Amazonas;Norte
23063985;311722917;08104936146;C;wendela.cunha;21301;311ADII6146;São Paulo;Sudeste
49400523;950109542;20364097643;S;paula.ribeiro;1146;950COI7643;Minas Gerais;Sudeste
24979210;103627432;29759394846;S;jeronimo.vianna;12971;103OPIV4846;Amazonas;Norte
45634061;972274207;17016568221;C;larissa.pedrosa;17572;972ADI8221;Santa Catarina;Sul
36183737;527343101;94009246544;S;bárbara.rodrigues;8339;527FIIII6544;Acre;Norte
34337658;794337813;99576688833;C;arthur.vaz;3058;794FIIV8833;Santa Catarina;Sul
45833260;505643417;94852477623;S;matheus.rocha;2475;505LOI7623;Bahia;Nordeste
47944593;548307706;08452286962;S;roberta.procaci;16122;548ADII6962;Bahia;Nordeste
27469973;733455815;45264226946;S;bernardo.oliveira;17297;733OPIII6946;Rio Grande do Norte;Nordeste
49408388;449984546;23855924850;C;ana.silva;13315;449COIII4850;Bahia;Nordeste
26046380;682215767;01587233005;C;carolina.fontes;20415;682COII3005;Bahia;Nordeste
26194926;666696541;72113353640;C;nathalia.rangel;1837;666LOII3640;Amazonas;Norte
36626997;235395231;21148484097;S;patricia.jorge;24792;235ADII4097;Alagoas;Nordeste
38302922;379591878;46508502855;S;pedro.oliveira;19346;379FII2855;Rio Grande do Sul;Sul
31496286;252064734;85654530441;S;marcelo.chaves;24345;252FIV0441;Bahia;Nordeste
34588621;202202068;78925652236;C;luiz.vasconcellos;20199;202OPIII2236;São Paulo;Sudeste
42421351;286702047;15192492005;S;mariana.gullo;23259;286FIIV2005;Rio Grande do Sul;Sul
32877709;950393787;07648511735;C;joão.souza;6147;950OPI1735;Minas Gerais;Sudeste
29643981;347182372;79946485930;S;eugênio.souza;12531;347ADI5930;São Paulo;Sudeste
45345242;612830578;02820055451;S;vitor.carvalho;20944;612COI5451;Rio de Janeiro;Sudeste
33457747;791757848;22500332809;S;tadeu.silveira;16889;791OPI2809;Goiás;Centro - Oeste
30581505;566309079;29445411838;C;matheus.souza;20899;566LOIII1838;Acre;Norte
35359632;417081592;12870918871;S;tainah.ramos;16982;417ADV8871;Rio de Janeiro;Sudeste
24510599;886137812;22987625364;S;juan.assumpção;22230;886COIII5364;Alagoas;Nordeste
25036496;400093634;25698199783;S;lucas.guadagnino;5953;400OPII9783;Santa Catarina;Sul
23316440;709758623;51694048561;S;daniel.silveira;15464;709OPI8561;Pernambuco;Nordeste
26690488;955598590;70885545674;C;carlos.amorim;11568;955ADI5674;Amapá;Norte
34888967;379135322;18379317008;S;flávio.garcia;5545;379LOII7008;Pará;Norte
49790838;903433992;14730791706;C;matheus.perdomo;7457;903FIIII1706;Sergipe;Nordeste
45270184;446375131;98040465951;S;sarah.gomes;16637;446FIII5951;Rio Grande do Norte;Nordeste
47814227;754210732;82273436498;S;bianca.aguiar;14101;754ADII6498;Rio Grande do Norte;Nordeste
42639598;994059962;11744503687;S;renan.costa;18348;994FIIII3687;Amazonas;Norte
22505160;772408887;76601050822;C;jeferson.mariano;6326;772ADIII0822;Alagoas;Nordeste
22236777;444437861;05491331746;C;saranna.pinheiro;5193;444LOII1746;Amazonas;Norte
49620644;844810884;14197416597;C;cynthia.ribeiro;24416;844FIIV6597;Amazonas;Norte
30041740;902928370;95289109417;C;gabriel.medina;10064;902FIV9417;Roraima;Norte
37326824;773983404;00467464996;C;marcello.rebouças;24597;773OPI4996;Alagoas;Nordeste
46861137;993321141;40616269986;C;gabriel.sousa;19233;993ADIII9986;Pará;Norte
27282530;839066393;97977355071;C;francyne.souza;19403;839FIII5071;Goiás;Centro - Oeste
25655552;947787453;46000675854;S;ana.bernardo;20566;947COI5854;Rio Grande do Norte;Nordeste
43733334;162654905;51770579641;S;carolina.racy;6034;162ADI9641;Amapá;Norte
30075072;347765084;42201510182;S;matheus.rubio;22374;347LOI0182;Pará;Norte
47285154;811236996;25104167760;C;fernanda.rocha;6403;811OPI7760;Rio de Janeiro;Sudeste
45204678;843186297;20123952566;S;gabriela.alves;6361;843FII2566;Rio de Janeiro;Sudeste
49159866;929223260;29109681047;C;caio.aversa;14021;929COV1047;Bahia;Nordeste
25031336;464485545;66688518729;S;yuri.cruz;23747;464COV8729;Alagoas;Nordeste
41059560;153410587;33290646969;C;camilla.ferraz;1692;153LOII6969;Bahia;Nordeste
24185391;390671095;54805422684;C;nathalia.eiras;8304;390COIV2684;Sergipe;Nordeste
32097757;598821192;26916365453;S;marianna.silva;20689;598ADI5453;Goiás;Centro - Oeste
45508595;436878791;32819944879;C;lucas.santos;8392;436ADI4879;Bahia;Nordeste
34019414;114311291;79395837769;S;sarah.mamede;5646;114COV7769;São Paulo;Sudeste
37364507;997516185;64335743466;C;carolina.sagrillo;4628;997OPII3466;Minas Gerais;Sudeste
37406771;952596883;60861742158;C;matheus.luiz;10025;952OPI2158;Alagoas;Nordeste
20017818;618103680;15575937682;C;marcello.montanholi;15645;618OPIII7682;Goiás;Centro - Oeste
27708110;309878258;63353033207;C;giovanna.fahrnholz;2977;309ADIV3207;Pernambuco;Nordeste
48931424;592929094;36634302419;S;rafael.silva;13886;592ADIII2419;Rio Grande do Norte;Nordeste
49865542;360611412;10308691803;S;joão.araújo;11390;360ADIII1803;Roraima;Norte
38163321;422950543;40657332232;S;ighor.kelly;14125;422COII2232;São Paulo;Sudeste
45044358;909194922;78128749092;S;leonardo.dias;12224;909FIII9092;Bahia;Nordeste
49830914;322226358;11518619598;S;amanda.marinho;23547;322COI9598;Sergipe;Nordeste
44565049;391636863;61231884566;C;tiago.tanaka;21021;391OPII4566;Sergipe;Nordeste
43409237;616820954;16641348113;S;iasmim.netto;7259;616COIV8113;Amazonas;Norte
36777031;191603777;52851792433;C;pedro.moraes;6630;191OPI2433;Minas Gerais;Sudeste
32020938;714861459;77309426336;S;rafaela.godoy;20663;714FIII6336;Roraima;Norte
30514975;669568164;66996351226;C;priscila.granado;21594;669LOIII1226;São Paulo;Sudeste
31147672;691952759;36902237157;S;fernanda.gonçalves;21631;691OPI7157;Minas Gerais;Sudeste
37415162;874758016;27419149327;C;yuske.orichio;23631;874LOI9327;Goiás;Centro - Oeste
20112820;598281457;26631297477;S;julia.freitas;4103;598LOI7477;Goiás;Centro - Oeste
45762254;286770953;37554817302;C;bianca.vianna;20238;286FIV7302;Pará;Norte
25046384;519802938;54654247765;S;ana.barbosa;16557;519ADI7765;Sergipe;Nordeste
47461020;755646524;77485239025;C;emilaine.silva;13150;755LOI9025;Acre;Norte
20918639;396843893;22528288180;S;ana.farias;11131;396ADV8180;Sergipe;Nordeste
39394064;702742466;68945827666;S;diego.costa;11639;702COIV7666;Alagoas;Nordeste
23490923;731647816;27408718127;S;vitor.silveira;15856;731LOII8127;Sergipe;Nordeste
23496953;333794194;43305491711;S;juan.araújo;20416;333LOII1711;São Paulo;Sudeste
32784975;478295074;83146152609;C;paula.pessanha;16508;478FIII2609;Acre;Norte
36879301;391205085;22006784371;S;lorena.fernandes;8805;391COII4371;Alagoas;Nordeste
31627126;196530929;41409729521;C;iris.silva;14552;196LOI9521;Pernambuco;Nordeste
42253271;375471204;13096973006;S;maria.souza;10253;375OPI3006;Mato Grosso;Centro - Oeste
47466865;523811793;45219360780;C;geam.silva;7221;523COI0780;Amazonas;Norte
21072333;468526654;53415907150;C;guilherme.johnson;3216;468ADIII7150;Rio Grande do Norte;Nordeste
43221338;932206409;02539417347;C;gabriela.romeu;7077;932OPII7347;Minas Gerais;Sudeste
25702440;227570096;86146951688;S;ana.filardi;18381;227LOIV1688;Rio Grande do Sul;Sul
26079033;175436664;30741245211;S;josé.lisboa;14823;175FIIII5211;Bahia;Nordeste
44096523;628618873;73828899456;C;luis.santos;21021;628COV9456;Acre;Norte
22003422;276720307;00803438417;C;rodrigo.gusmão;15224;276ADII8417;Roraima;Norte
33615783;949924183;66845644745;C;desirée.guimarães;15265;949FIII4745;Santa Catarina;Sul
30159766;511719360;90081572624;S;milena.ferreira;2506;511COI2624;Mato Grosso;Centro - Oeste
32850102;351409608;51501221540;C;joão.rodrigues;20918;351FII1540;Alagoas;Nordeste
21386237;266690330;49595413705;S;beatriz.barrozo;16316;266COII3705;Mato Grosso;Centro - Oeste
46694322;113612469;55309835855;S;luiza.soares;11258;113OPII5855;Amapá;Norte
27092721;758571216;39575008176;C;arthur.miranda;2966;758FII8176;Rio de Janeiro;Sudeste
41696721;904085550;04020333151;C;rafael.lobo;21885;904OPI3151;Goiás;Centro - Oeste
42649154;102860464;30196640139;S;marcelo.monnerat;19314;102COII0139;Minas Gerais;Sudeste
25051915;336453453;56640227061;C;adelino.araujo;14225;336OPI7061;Sergipe;Nordeste
33193871;906583930;75048434567;S;vinicius.monteiro;17184;906ADII4567;Pará;Norte
45221709;625527647;92863257246;S;lucas.procaci;5989;625ADII7246;Alagoas;Nordeste
30678025;585531458;65506203884;C;paloma.lyra;15290;585COI3884;Amapá;Norte
44222034;697100232;20576586404;C;wesley.teixeira;1486;697LOI6404;Goiás;Centro - Oeste
27776120;272662712;48030841974;S;luis.gabriel;20699;272COI1974;Acre;Norte
39027676;409313286;68860346202;C;luiza.monnerat;1838;409ADIII6202;Santa Catarina;Sul
27349620;999755810;32776263108;C;daniel.garcia;23018;999LOII3108;Amazonas;Norte
35332610;656871927;50187820897;C;luiz.mattos;8005;656LOIII0897;Pará;Norte
40207009;762627169;54226412130;S;andré.brito;1094;762OPI2130;Rio Grande do Norte;Nordeste
46255217;532933077;69627094277;S;lucas.alvim;22039;532OPIV4277;Sergipe;Nordeste
37617949;463294612;71312076068;S;júlia.oliveira;7228;463COI6068;Minas Gerais;Sudeste
39964322;474469011;79178311692;S;bruna.oliveira;10551;474COII1692;Pará;Norte
29812883;690599885;56034243224;S;vinícius.lencastre;11843;690FII3224;Rio Grande do Norte;Nordeste
30624694;747804546;79216815163;C;daniel.machado;6992;747ADII5163;Rio de Janeiro;Sudeste
47304266;723955185;90987125617;C;breno.silva;8241;723LOII5617;Amapá;Norte
26064205;198675604;34250069684;S;renata.oliveira;2543;198LOI9684;Pará;Norte
43044579;873349300;96097462331;S;thayane.santos;16187;873ADIV2331;Rio Grande do Sul;Sul
28677999;863391666;75731877319;S;ramon.bergara;9542;863COI7319;Sergipe;Nordeste
37897262;630717376;64306524088;S;joão.silva;21796;630COV4088;Amazonas;Norte
47011874;997859911;82341234351;S;mauricio.jardim;4566;997LOIV4351;Rio de Janeiro;Sudeste
35147794;830959072;46146265473;S;lais.cormack;8832;830OPIV5473;Mato Grosso;Centro - Oeste
43372960;557721604;21274815670;C;milena.fernandes;12636;557LOIII5670;Amazonas;Norte
36077010;880209213;83588649005;S;paloma.santos;1217;880COII9005;Amazonas;Norte
39863490;858876368;06716869616;S;pedro.silva;15922;858OPIV9616;Sergipe;Nordeste
36876726;694770248;78675180676;C;luisa.costa;18304;694OPI0676;Mato Grosso;Centro - Oeste
42038649;449727193;36810461401;S;beatriz.oliveira;15356;449COII1401;Roraima;Norte
30615672;863737321;67776404197;S;priscilla.tagliari;6803;863OPV4197;Pernambuco;Nordeste
39081452;855410323;36372640719;C;stefan.silva;13808;855FIIII0719;Roraima;Norte
36444182;399085305;43392060854;S;eduardo.carvalho;2270;399OPV0854;Rio Grande do Norte;Nordeste
27781414;412671736;10863405761;S;pedro.jardim;11171;412ADIII5761;Acre;Norte
24999418;951369560;87869928006;S;mariana.sartorio;16267;951COII8006;Rio de Janeiro;Sudeste
48582614;525819007;77290763348;S;thomaz.silva;7665;525COI3348;Goiás;Centro - Oeste
38452533;728334741;92143125956;S;pedro.bôas;4968;728LOI5956;Mato Grosso;Centro - Oeste
28668019;307135080;91436370502;C;helena.peixoto;16621;307FIIII0502;Rio Grande do Sul;Sul
39068531;982291303;56700558997;C;carolina.marques;5363;982LOIII8997;São Paulo;Sudeste
47790880;243564935;96283060188;S;nicolas.leite;6710;243COI0188;Pará;Norte
40511266;837201753;01387367641;S;joão.resinente;23256;837ADII7641;Santa Catarina;Sul
23488648;413322638;10180348974;S;luize.costa;17162;413ADIII8974;Mato Grosso;Centro - Oeste
35329849;152005418;31652836240;C;bárbara.gonçalves;20338;152COI6240;Alagoas;Nordeste
25515718;854512164;88519923483;C;carolina.calafate;13296;854LOII3483;Alagoas;Nordeste
40170885;143836000;71399869639;S;yuri.vasconcelos;19609;143ADII9639;Sergipe;Nordeste
48962482;575413219;95126718515;S;mateus.silva;24070;575COV8515;Pernambuco;Nordeste
31383800;511104966;75133438138;C;mariana.alexandre;17258;511OPIII8138;Minas Gerais;Sudeste
35106746;186440635;39765809261;S;diego.teixeira;7240;186FIII9261;Santa Catarina;Sul
38947870;201184662;68307546459;S;paulo.mello;19792;201COII6459;Sergipe;Nordeste
44315832;508564399;53711524927;C;bianca.lemos;22506;508ADII4927;Rio Grande do Sul;Sul
40606591;654411966;44246436282;S;thiago.araújo;13725;654OPII6282;Pará;Norte
25921038;437668993;90730378349;C;joão.negrelli;19255;437FIII8349;Santa Catarina;Sul
26986587;672059506;26894389692;S;joão.suzano;8085;672LOII9692;Rio Grande do Norte;Nordeste
20768418;900385854;34338608047;S;bruna.carvalho;15934;900COI8047;Acre;Norte
49448178;327053187;05294941955;S;samantha.pereira;4059;327OPIV1955;São Paulo;Sudeste
23634331;788739752;99951511054;S;bruno.leme;1410;788FIII1054;Santa Catarina;Sul
20647131;314022078;44809174881;S;joão.monteiro;6455;314ADIII4881;Rio Grande do Norte;Nordeste
36968950;554710395;07583432285;C;yago.oliveira;3505;554COI2285;Mato Grosso;Centro - Oeste
42975724;529249286;61226558260;C;leandro.tabet;10885;529COII8260;Pará;Norte
30972933;158937359;36073984746;C;beatriz.virginio;10136;158COIII4746;Alagoas;Nordeste
22600038;296806913;18870210999;C;maria.mello;18080;296LOII0999;Pará;Norte
32984429;895045907;06864440781;S;nuno.sampaio;6652;895COI0781;Roraima;Norte
27050144;291183378;01425235998;S;manuela.martins;4487;291FIIV5998;Amazonas;Norte
43212305;942888625;65848718595;S;flávio.mendonça;10313;942ADII8595;Bahia;Nordeste
47974844;978537053;58779311477;C;ébio.velucci;11403;978ADI1477;Santa Catarina;Sul
32518801;447186324;77875037290;S;victor.fonseca;24566;447ADI7290;Santa Catarina;Sul
26164321;269282574;34537664161;C;bernardo.silva;3224;269OPII4161;Mato Grosso;Centro - Oeste
36519938;212352012;62475923475;C;guilherme.barreto;1949;212OPV3475;Mato Grosso;Centro - Oeste
49428437;302399152;86588384096;C;nathália.araújo;3375;302ADIV4096;Rio de Janeiro;Sudeste
28852133;789006468;91504980777;S;guilherme.regasso;3693;789OPI0777;Amazonas;Norte
32209610;541170567;76926775882;S;brenno.silva;7092;541OPII5882;Goiás;Centro - Oeste
45930385;489004123;46111631889;S;william.kelly;17701;489OPIII1889;Goiás;Centro - Oeste
35798998;261816261;09831992563;C;daniele.blumberg;12127;261ADI2563;Pará;Norte
42849643;790071411;92698612354;C;jorge.viríssimo;5299;790FIV2354;Pará;Norte
27192903;524024983;95358890619;S;gabriel.rodrigues;2963;524ADV0619;Rio Grande do Norte;Nordeste
30139757;401461132;76210493256;S;joão.alves;21958;401COIII3256;Pernambuco;Nordeste
37278455;320166315;58687062248;C;bernardo.magno;14058;320ADI2248;Acre;Norte
43864344;785803477;96855777753;C;raíza.barcellos;3934;785LOII7753;Acre;Norte
45499870;195532101;02439810843;C;bernardo.cunha;21622;195LOII0843;Sergipe;Nordeste
21517794;486535229;04764050200;C;julia.silva;7552;486COII0200;Amazonas;Norte
34689811;981279157;54115282873;S;arthur.bispo;1372;981COII2873;Goiás;Centro - Oeste
31097240;464550454;16126495226;S;raianne.brum;11791;464FIV5226;Roraima;Norte
46713680;581607230;53692945235;C;renan.silva;8932;581FIIII5235;Mato Grosso;Centro - Oeste
